,city,region,country,lat,lon,date,temp_c,temp_f,is_day,condition_text,condition_icon,wind_mph,wind_kph,wind_degree,wind_dir,pressure_mb,pressure_in,precip_mm,precip_in,humidity,cloud,feelslike_c,feelslike_f,windchill_c,windchill_f,heatindex_c,heatindex_f,dewpoint_c,dewpoint_f,vis_km,vis_miles,uv,gust_mph,gust_kph
0,El Outa Sbeirath,Djelfa,Algeria,35.15,3.6167,2025-06-29,31.2,88.2,1,Sunny,//cdn.weatherapi.com/weather/64x64/day/113.png,5.8,9.4,15,NNE,1022.0,30.18,0.0,0.0,24,0,29.2,84.6,30.0,86.0,28.0,82.5,6.2,43.1,10.0,6.0,9.6,6.7,10.8
1,Itula,Cuanza Sul,Angola,-10.8,15.8,2025-06-29,22.9,73.2,1,Sunny,//cdn.weatherapi.com/weather/64x64/day/113.png,7.2,11.5,109,ESE,1017.0,30.04,0.0,0.0,19,0,22.5,72.6,22.9,73.2,22.5,72.6,-1.8,28.7,10.0,6.0,8.1,8.2,13.2
2,Beterou,Collines,Benin,9.2,2.267,2025-06-29,29.3,84.8,1,Partly Cloudy,//cdn.weatherapi.com/weather/64x64/day/116.png,7.6,12.2,218,SW,1014.0,29.94,0.0,0.0,61,25,32.1,89.7,29.3,84.8,32.1,89.7,21.1,70.0,10.0,6.0,6.3,8.7,14.1
3,Zuwe,South-East,Botswana,-23.05,24.8333,2025-06-29,20.1,68.2,1,Sunny,//cdn.weatherapi.com/weather/64x64/day/113.png,9.4,15.1,96,E,1024.0,30.25,0.0,0.0,31,4,20.1,68.2,20.1,68.2,20.1,68.2,2.6,36.7,10.0,6.0,5.7,10.8,17.4
4,Kokologo,Boulkiemde,Burkina Faso,12.19,-1.886,2025-06-29,31.2,88.2,1,Sunny,//cdn.weatherapi.com/weather/64x64/day/113.png,14.8,23.8,238,WSW,1013.0,29.91,0.0,0.0,63,0,33.2,91.8,31.5,88.7,33.8,92.8,19.4,67.0,10.0,6.0,6.5,17.0,27.3
5,Gitega,Gitega,Burundi,-3.425,29.933,2025-06-29,20.6,69.2,1,Partly Cloudy,//cdn.weatherapi.com/weather/64x64/day/116.png,7.8,12.6,137,SE,1016.0,30.01,0.0,0.0,54,30,20.6,69.2,20.6,69.2,20.6,69.2,10.9,51.6,10.0,6.0,10.9,9.0,14.5
6,Mambioko,Adamaoua,Cameroon,5.6,11.7833,2025-06-29,24.3,75.8,1,Light rain,//cdn.weatherapi.com/weather/64x64/day/296.png,3.4,5.4,241,WSW,1015.0,29.97,0.92,0.04,85,88,26.5,79.6,24.3,75.8,26.5,79.6,21.6,70.9,9.0,5.0,4.2,4.2,6.8
7,Tere,Ouaka,Central African Republic,5.7833,19.6167,2025-06-29,22.8,73.1,1,Cloudy,//cdn.weatherapi.com/weather/64x64/day/119.png,4.0,6.5,221,SW,1013.0,29.92,0.0,0.0,94,63,25.2,77.4,22.8,73.1,25.2,77.4,21.8,71.2,10.0,6.0,4.6,5.9,9.5
8,Geria,Guera,Chad,12.2667,17.6167,2025-06-29,35.7,96.3,1,Sunny,//cdn.weatherapi.com/weather/64x64/day/113.png,14.3,23.0,240,WSW,1009.0,29.8,0.0,0.0,33,6,37.3,99.2,35.7,96.3,37.3,99.2,17.0,62.7,10.0,6.0,3.8,16.5,26.5
9,Okolo,Plateaux,Congo,-1.6575,14.7519,2025-06-29,29.5,85.0,1,Sunny,//cdn.weatherapi.com/weather/64x64/day/113.png,6.7,10.8,234,SW,1014.0,29.93,0.0,0.0,52,19,30.9,87.7,29.5,85.0,30.9,87.7,18.6,65.4,10.0,6.0,6.2,7.7,12.4
10,Bouafle,Marahoue,Cote d'Ivoire,6.983,-5.75,2025-06-29,26.8,80.3,1,Patchy rain nearby,//cdn.weatherapi.com/weather/64x64/day/176.png,6.0,9.7,235,SW,1016.0,30.0,0.02,0.0,68,100,28.8,83.8,26.8,80.3,28.8,83.8,20.5,68.9,10.0,6.0,6.0,7.0,11.2
11,Koditshale,Sud-Kivu,Democratic Republic of Congo,-3.2167,23.2,2025-06-29,35.0,95.0,1,Sunny,//cdn.weatherapi.com/weather/64x64/day/113.png,3.1,5.0,198,SSW,1010.0,29.82,0.0,0.0,27,13,34.6,94.3,35.0,95.0,34.6,94.3,13.2,55.7,10.0,6.0,6.4,3.6,5.8
12,We`A,Tadjoura,Djibouti,11.5031,42.8553,2025-06-29,37.1,98.7,1,Partly Cloudy,//cdn.weatherapi.com/weather/64x64/day/116.png,6.9,11.2,13,NNE,1001.0,29.56,0.0,0.0,36,29,40.7,105.3,37.1,98.7,40.7,105.3,19.6,67.2,10.0,6.0,9.7,12.5,20.1
13,Bayad An Nasara,Bani Suwayf,Egypt,29.0667,31.1333,2025-06-29,38.4,101.1,1,Sunny,//cdn.weatherapi.com/weather/64x64/day/113.png,11.2,18.0,291,WNW,1002.0,29.59,0.0,0.0,14,0,37.6,99.6,38.4,101.1,37.6,99.6,6.0,42.7,10.0,6.0,11.9,12.9,20.7
14,Bata,Litoral,Equatorial Guinea,1.85,9.75,2025-06-29,27.1,80.8,1,Patchy rain nearby,//cdn.weatherapi.com/weather/64x64/day/176.png,9.4,15.1,231,SW,1015.0,29.97,0.02,0.0,75,64,29.9,85.7,27.1,80.8,29.9,85.7,22.2,72.0,10.0,6.0,7.5,11.1,17.9
15,Ancien Okaka,Ogooue-Ivindo,Gabon,-0.6833,11.55,2025-06-29,26.0,78.7,1,Cloudy,//cdn.weatherapi.com/weather/64x64/day/119.png,3.4,5.4,281,WNW,1015.0,29.98,0.0,0.0,73,83,27.9,82.2,26.0,78.7,27.9,82.2,20.7,69.2,10.0,6.0,5.8,3.9,6.2
16,Jomarr,Lower River,Gambia,13.433,-15.667,2025-06-29,31.1,88.0,1,Partly Cloudy,//cdn.weatherapi.com/weather/64x64/day/116.png,6.7,10.8,290,WNW,1015.0,29.96,0.0,0.0,55,33,34.3,93.7,31.1,88.0,34.3,93.7,21.1,69.9,10.0,6.0,4.4,7.7,12.4
17,Agogo,Ashanti,Ghana,6.8,-1.083,2025-06-29,25.1,77.2,1,Patchy rain nearby,//cdn.weatherapi.com/weather/64x64/day/176.png,6.5,10.4,216,SW,1015.0,29.98,0.02,0.0,76,79,27.1,80.7,25.1,77.2,27.1,80.7,20.7,69.2,10.0,6.0,6.6,9.7,15.6
18,Tansabagno,Dabola,Guinea,10.2667,-11.5,2025-06-29,24.1,75.4,1,Patchy rain nearby,//cdn.weatherapi.com/weather/64x64/day/176.png,3.6,5.8,239,WSW,1016.0,30.01,0.01,0.0,86,95,26.3,79.3,24.1,75.4,26.3,79.3,21.6,70.9,10.0,6.0,3.0,4.3,7.0
19,Fulacunda,Oio,Guinea-Bissau,11.767,-15.167,2025-06-29,27.1,80.8,1,Partly cloudy,//cdn.weatherapi.com/weather/64x64/day/116.png,2.2,3.6,232,SW,1015.0,29.97,0.01,0.0,84,50,30.1,86.1,28.4,83.2,32.7,90.9,23.9,75.0,9.0,5.0,3.2,6.7,10.8
20,Nyeri,Central,Kenya,-0.417,36.95,2025-06-29,17.3,63.1,1,Fog,//cdn.weatherapi.com/weather/64x64/day/248.png,8.3,13.3,142,SE,1017.0,30.03,0.11,0.0,83,75,17.3,63.1,18.7,65.6,18.7,65.6,13.1,55.7,9.0,5.0,4.8,10.0,16.0
21,Setleketseng,Berea,Lesotho,-29.6,28.0,2025-06-29,11.4,52.5,1,Sunny,//cdn.weatherapi.com/weather/64x64/day/113.png,2.2,3.6,204,SSW,1032.0,30.47,0.0,0.0,47,0,11.8,53.2,10.4,50.8,10.2,50.3,-4.9,23.2,10.0,6.0,3.9,2.6,4.1
22,Gejo,Grand Bassa,Liberia,6.3,-9.5333,2025-06-29,23.0,73.5,1,Patchy rain nearby,//cdn.weatherapi.com/weather/64x64/day/176.png,2.5,4.0,221,SW,1017.0,30.04,0.09,0.0,94,100,25.4,77.7,23.1,73.5,25.4,77.7,22.0,71.5,10.0,6.0,1.9,3.4,5.5
23,Sirte,Surt,Libya,31.2061,16.5947,2025-06-29,27.9,82.2,1,Sunny,//cdn.weatherapi.com/weather/64x64/day/113.png,11.2,18.0,331,NNW,1014.0,29.95,0.0,0.0,66,5,30.3,86.5,27.9,82.2,30.3,86.5,21.0,69.9,10.0,6.0,10.2,13.5,21.8
24,Ndindi,Dedza,Malawi,-14.1667,34.5833,2025-06-29,20.9,69.7,1,Sunny,//cdn.weatherapi.com/weather/64x64/day/113.png,7.4,11.9,103,ESE,1021.0,30.15,0.0,0.0,40,8,20.9,69.7,20.9,69.7,20.9,69.7,6.8,44.2,10.0,6.0,8.3,8.5,13.7
25,Markala,Segou,Mali,13.683,-6.083,2025-06-29,34.7,94.5,1,Sunny,//cdn.weatherapi.com/weather/64x64/day/113.png,13.6,22.0,289,WNW,1011.0,29.87,0.0,0.0,39,4,37.0,98.7,34.7,94.5,37.0,98.7,18.5,65.3,10.0,6.0,6.2,15.7,25.3
26,Ksar El Barka,Tagant,Mauritania,18.4,-12.2167,2025-06-29,32.1,89.8,1,Sunny,//cdn.weatherapi.com/weather/64x64/day/113.png,17.7,28.4,293,WNW,1012.0,29.89,0.0,0.0,31,6,31.5,88.7,32.1,89.8,31.5,88.7,12.8,55.1,10.0,6.0,4.7,20.3,32.7
27,Guex,Sofala,Mozambique,-18.4342,35.8875,2025-06-29,28.2,82.7,1,Sunny,//cdn.weatherapi.com/weather/64x64/day/113.png,5.8,9.4,164,SSE,1022.0,30.17,0.0,0.0,42,21,28.2,82.7,28.2,82.7,28.2,82.7,14.0,57.2,10.0,6.0,6.3,6.7,10.8
28,Veddersdal,Otjozondjupa,Namibia,-21.9667,16.8,2025-06-29,21.2,70.2,1,Sunny,//cdn.weatherapi.com/weather/64x64/day/113.png,14.1,22.7,38,NE,1020.0,30.13,0.0,0.0,10,0,21.2,70.2,21.2,70.2,21.7,71.1,-10.9,12.3,10.0,6.0,5.7,16.2,26.1
29,Tadoupta,Tahoua,Niger,14.5333,5.8,2025-06-29,33.7,92.6,1,Sunny,//cdn.weatherapi.com/weather/64x64/day/113.png,17.9,28.8,249,WSW,1011.0,29.85,0.0,0.0,39,10,35.4,95.7,33.7,92.6,35.4,95.7,17.8,64.1,10.0,6.0,8.7,20.6,33.1
30,Atako,Federal Capital Territory,Nigeria,8.4567,7.0133,2025-06-29,28.3,83.0,1,Light rain shower,//cdn.weatherapi.com/weather/64x64/day/353.png,5.6,9.0,222,SW,1014.0,29.94,0.18,0.01,70,100,31.5,88.7,28.3,83.0,31.5,88.7,22.3,72.1,10.0,6.0,5.6,6.7,10.8
31,Gitarama,Gitarama,Rwanda,-2.074,29.757,2025-06-29,22.2,72.0,1,Partly cloudy,//cdn.weatherapi.com/weather/64x64/day/116.png,6.5,10.4,130,SE,1023.0,30.21,0.0,0.0,57,50,24.6,76.2,21.9,71.5,24.5,76.1,12.4,54.3,10.0,6.0,11.0,7.5,12.0
32,Fernao Dias,Sao Tome,Sao Tome and Principe,0.4167,6.6833,2025-06-29,28.2,82.8,1,Partly cloudy,//cdn.weatherapi.com/weather/64x64/day/116.png,4.5,7.2,222,SW,1014.0,29.94,0.0,0.0,66,50,32.6,90.6,23.4,74.2,25.4,77.7,19.5,67.1,10.0,6.0,7.3,6.1,9.9
33,Bondie Tiarene,Kaolack,Senegal,14.4167,-15.5667,2025-06-29,30.7,87.2,1,Sunny,//cdn.weatherapi.com/weather/64x64/day/113.png,9.2,14.8,313,NW,1015.0,29.97,0.0,0.0,54,19,33.4,92.0,30.7,87.2,33.4,92.0,20.4,68.8,10.0,6.0,4.5,10.6,17.0
34,Yele,Northern,Sierra Leone,8.417,-11.833,2025-06-29,25.4,77.6,1,Patchy rain nearby,//cdn.weatherapi.com/weather/64x64/day/176.png,2.2,3.6,186,S,1016.0,30.01,0.04,0.0,90,57,28.3,83.0,25.4,77.6,28.3,83.0,23.5,74.4,10.0,6.0,2.7,2.9,4.7
35,Goragiahor,Galguduud,Somalia,5.4167,45.8,2025-06-29,33.4,92.1,1,Sunny,//cdn.weatherapi.com/weather/64x64/day/113.png,27.1,43.6,220,SW,1010.0,29.82,0.0,0.0,30,19,33.1,91.5,33.4,92.1,33.1,91.5,13.6,56.4,10.0,6.0,9.8,31.1,50.1
36,Brandfort,Free State,South Africa,-28.7,26.467,2025-06-29,13.2,55.8,1,Sunny,//cdn.weatherapi.com/weather/64x64/day/113.png,2.9,4.7,132,SE,1031.0,30.45,0.0,0.0,33,0,13.5,56.2,13.4,56.2,13.2,55.7,-5.9,21.4,10.0,6.0,3.9,3.4,5.4
37,Al Hoceima,,Morocco,35.2492,-3.9328,2025-06-29,26.1,79.0,1,Partly cloudy,//cdn.weatherapi.com/weather/64x64/day/116.png,7.6,12.2,59,ENE,1019.0,30.09,0.0,0.0,79,50,26.5,79.7,30.1,86.1,31.0,87.9,17.3,63.1,8.0,4.0,7.9,8.7,14.1
38,Tajba,Kurdufan,Sudan,11.8667,31.05,2025-06-29,34.8,94.7,1,Sunny,//cdn.weatherapi.com/weather/64x64/day/113.png,10.7,17.3,215,SW,1009.0,29.8,0.0,0.0,31,22,35.4,95.6,34.8,94.7,35.4,95.6,15.3,59.6,10.0,6.0,10.3,12.3,19.9
39,Sidvokodvo,Manzini,Swaziland,-26.617,31.45,2025-06-29,21.1,69.9,1,Sunny,//cdn.weatherapi.com/weather/64x64/day/113.png,5.1,8.3,157,SSE,1026.0,30.29,0.0,0.0,18,0,21.1,69.9,21.1,69.9,21.7,71.0,-3.8,25.2,10.0,6.0,4.4,5.9,9.5
40,Mponde,Dodoma,Tanzania,-5.5167,35.2167,2025-06-29,25.4,77.8,1,Sunny,//cdn.weatherapi.com/weather/64x64/day/113.png,10.7,17.3,124,SE,1015.0,29.99,0.0,0.0,32,5,25.1,77.2,25.5,77.8,25.1,77.2,7.5,45.6,10.0,6.0,10.8,12.3,19.9
41,Boufouli Boko Losso,Savanes,Togo,8.3167,1.0667,2025-06-29,28.1,82.6,1,Patchy rain nearby,//cdn.weatherapi.com/weather/64x64/day/176.png,5.4,8.6,234,SW,1015.0,29.96,0.03,0.0,70,84,31.1,87.9,28.1,82.6,31.1,87.9,22.0,71.7,10.0,6.0,6.8,6.2,9.9
42,Mdeina,Kairouan,Tunisia,35.5064,9.9097,2025-06-29,34.3,93.7,1,Sunny,//cdn.weatherapi.com/weather/64x64/day/113.png,15.4,24.8,14,NNE,1017.0,30.03,0.0,0.0,29,4,34.0,93.2,34.3,93.7,34.0,93.2,13.7,56.6,10.0,6.0,9.8,17.8,28.6
43,Bulembwe,Luwero,Uganda,1.05,32.3,2025-06-29,30.6,87.0,1,Partly Cloudy,//cdn.weatherapi.com/weather/64x64/day/116.png,2.9,4.7,183,S,1011.0,29.87,0.0,0.0,39,34,30.7,87.2,30.6,87.0,30.7,87.2,14.9,58.9,10.0,6.0,11.1,3.4,5.4
44,Lucheshi,Central,Zambia,-13.5,28.05,2025-06-29,25.3,77.6,1,Sunny,//cdn.weatherapi.com/weather/64x64/day/113.png,9.2,14.8,100,E,1018.0,30.06,0.0,0.0,25,4,24.5,76.1,25.4,77.6,24.5,76.1,4.0,39.2,10.0,6.0,8.4,10.6,17.0
45,Glendye,Mashonaland East,Zimbabwe,-18.9333,30.05,2025-06-29,23.6,74.6,1,Sunny,//cdn.weatherapi.com/weather/64x64/day/113.png,4.9,7.9,99,E,1021.0,30.16,0.0,0.0,34,5,24.2,75.6,23.7,74.6,24.2,75.6,6.8,44.2,10.0,6.0,6.8,5.7,9.1
46,Kiruli,Masindi,Uganda,1.85,31.8667,2025-06-29,29.4,84.8,1,Cloudy,//cdn.weatherapi.com/weather/64x64/day/119.png,2.7,4.3,174,S,1012.0,29.87,0.0,0.0,40,65,29.3,84.8,29.4,84.8,29.3,84.8,14.3,57.8,10.0,6.0,11.2,3.1,5.0
47,Tamza,Khenchela,Algeria,35.3094,6.8303,2025-06-29,26.4,79.4,1,Sunny,//cdn.weatherapi.com/weather/64x64/day/113.png,6.0,9.7,13,NNE,1021.0,30.14,0.0,0.0,26,2,25.3,77.5,26.4,79.4,25.3,77.5,5.1,41.2,10.0,6.0,9.9,7.0,11.2
48,Boulsa,Namentenga,Burkina Faso,12.668,-0.576,2025-06-29,31.0,87.8,1,Sunny,//cdn.weatherapi.com/weather/64x64/day/113.png,15.4,24.8,222,SW,1012.0,29.89,0.0,0.0,50,6,33.1,91.6,31.0,87.8,33.1,91.6,19.4,66.9,10.0,6.0,2.1,17.8,28.6
49,Adoa,Edo,Nigeria,6.3167,5.8333,2025-06-29,28.0,82.4,1,Patchy rain nearby,//cdn.weatherapi.com/weather/64x64/day/176.png,5.1,8.3,233,SW,1014.0,29.96,0.13,0.01,74,100,31.4,88.5,28.0,82.4,31.4,88.5,22.9,73.3,10.0,6.0,7.0,6.0,9.6
50,Dinguiraye,Dinguiraye,Guinea,11.3,-10.717,2025-06-29,26.5,79.7,1,Partly Cloudy,//cdn.weatherapi.com/weather/64x64/day/116.png,2.9,4.7,256,WSW,1015.0,29.98,0.0,0.0,69,45,28.4,83.1,26.5,79.7,28.4,83.1,20.4,68.7,10.0,6.0,3.1,3.5,5.6
51,Qaryat El-Tilul,Shamal Sina',Egypt,31.05,33.2264,2025-06-29,33.1,91.6,1,Sunny,//cdn.weatherapi.com/weather/64x64/day/113.png,13.4,21.6,334,NNW,1002.0,29.59,0.0,0.0,53,0,33.7,92.7,33.6,92.5,34.5,94.1,16.3,61.4,10.0,6.0,11.3,15.9,25.7
52,Nthumba,Nsanje,Malawi,-16.7333,35.2333,2025-06-29,28.2,82.7,1,Sunny,//cdn.weatherapi.com/weather/64x64/day/113.png,6.0,9.7,144,SE,1021.0,30.16,0.0,0.0,35,3,27.6,81.7,28.2,82.7,27.6,81.7,11.4,52.5,10.0,6.0,7.0,7.0,11.2
53,Lembeni,Kilimanjaro,Tanzania,-3.783,37.617,2025-06-29,25.7,78.3,1,Sunny,//cdn.weatherapi.com/weather/64x64/day/113.png,11.4,18.4,174,S,1017.0,30.02,0.0,0.0,44,18,26.1,78.9,25.7,78.3,26.1,78.9,12.6,54.6,10.0,6.0,10.5,13.1,21.1
54,Martubah,Darnah,Libya,32.5833,22.7667,2025-06-29,26.9,80.4,1,Sunny,//cdn.weatherapi.com/weather/64x64/day/113.png,23.3,37.4,330,NNW,1011.0,29.84,0.0,0.0,69,3,29.0,84.2,26.9,80.4,29.0,84.2,20.8,69.5,10.0,6.0,10.4,26.8,43.1
55,Zaghouane,Zaghouan,Tunisia,36.4,10.15,2025-06-29,32.3,90.1,1,Sunny,//cdn.weatherapi.com/weather/64x64/day/113.png,12.3,19.8,357,N,1018.0,30.06,0.0,0.0,49,25,32.2,89.9,32.8,91.1,32.9,91.2,14.7,58.4,10.0,6.0,9.8,14.2,22.8
56,Zuenoula,Marahoue,Cote d'Ivoire,7.429,-6.043,2025-06-29,26.3,79.3,1,Patchy rain nearby,//cdn.weatherapi.com/weather/64x64/day/176.png,8.7,14.0,231,SW,1016.0,30.0,0.02,0.0,74,95,28.5,83.2,26.3,79.3,28.5,83.2,21.3,70.3,10.0,6.0,5.4,10.0,16.2
57,Caculuma,Malanje,Angola,-9.4833,16.85,2025-06-29,27.8,82.0,1,Sunny,//cdn.weatherapi.com/weather/64x64/day/113.png,7.6,12.2,134,SE,1015.0,29.98,0.0,0.0,19,0,25.8,78.5,27.8,82.0,25.8,78.5,2.3,36.1,10.0,6.0,7.7,8.7,14.1
58,Bambari,Ouaka,Central African Republic,5.762,20.667,2025-06-29,25.6,78.0,1,Partly Cloudy,//cdn.weatherapi.com/weather/64x64/day/116.png,5.1,8.3,206,SSW,1013.0,29.91,0.0,0.0,75,49,27.5,81.6,25.6,78.0,27.5,81.6,20.7,69.3,10.0,6.0,3.5,5.9,9.5
59,El Baccai,Hiiraan,Somalia,4.4167,45.6167,2025-06-29,33.4,92.1,1,Partly Cloudy,//cdn.weatherapi.com/weather/64x64/day/116.png,25.7,41.4,215,SW,1011.0,29.84,0.0,0.0,34,32,33.9,93.0,33.4,92.1,33.9,93.0,15.6,60.1,10.0,6.0,9.9,29.6,47.6
60,Bere,Tandjile,Chad,9.333,16.15,2025-06-29,33.2,91.7,1,Partly Cloudy,//cdn.weatherapi.com/weather/64x64/day/116.png,6.7,10.8,250,WSW,1011.0,29.85,0.0,0.0,43,31,35.4,95.6,33.2,91.7,35.4,95.6,18.8,65.8,10.0,6.0,9.0,7.7,12.4
61,Bubanza,Bubanza,Burundi,-3.083,29.394,2025-06-29,27.0,80.6,1,Partly cloudy,//cdn.weatherapi.com/weather/64x64/day/116.png,9.4,15.1,184,S,1017.0,30.03,0.0,0.0,66,75,27.7,81.8,26.7,80.1,27.4,81.3,15.7,60.3,6.0,3.0,9.9,10.8,17.4
62,Windhoek,Windhoek,Namibia,-22.572,17.082,2025-06-29,12.2,54.0,1,Sunny,//cdn.weatherapi.com/weather/64x64/day/113.png,8.7,14.0,35,NE,1028.0,30.36,0.0,0.0,30,0,10.7,51.3,19.3,66.7,19.3,66.7,-12.0,10.4,10.0,6.0,5.7,10.0,16.2
63,Zwedru,Grand Gedeh,Liberia,6.067,-8.128,2025-06-29,24.4,76.0,1,Light drizzle,//cdn.weatherapi.com/weather/64x64/day/266.png,3.8,6.1,242,WSW,1017.0,30.03,0.18,0.01,87,94,26.7,80.1,24.4,76.0,26.7,80.1,22.1,71.7,2.0,1.0,4.1,4.5,7.3
64,Selibaby,Guidimaka,Mauritania,15.1667,-12.1833,2025-06-29,33.6,92.4,1,Sunny,//cdn.weatherapi.com/weather/64x64/day/113.png,15.0,24.1,292,WNW,1013.0,29.92,0.0,0.0,43,14,36.2,97.1,33.6,92.4,36.2,97.1,19.3,66.7,10.0,6.0,4.9,17.2,27.8
65,Konene,Collines,Benin,8.45,1.7833,2025-06-29,28.3,82.9,1,Cloudy,//cdn.weatherapi.com/weather/64x64/day/119.png,5.6,9.0,208,SSW,1014.0,29.95,0.0,0.0,68,85,31.1,88.0,28.3,82.9,31.1,88.0,21.8,71.3,10.0,6.0,6.4,6.4,10.4
66,Brazzaville,Brazzaville,Congo,-4.259,15.285,2025-06-29,23.1,73.6,1,Partly cloudy,//cdn.weatherapi.com/weather/64x64/day/116.png,4.5,7.2,235,SW,1017.0,30.03,0.0,0.0,83,75,24.7,76.5,30.7,87.2,32.3,90.1,18.5,65.2,8.0,4.0,5.9,5.1,8.3
67,Al Ubayd,Al Wusta,Sudan,13.1833,30.2167,2025-06-29,36.3,97.3,1,Sunny,//cdn.weatherapi.com/weather/64x64/day/113.png,14.5,23.4,230,SW,1008.0,29.76,0.0,0.0,25,21,36.1,96.9,36.3,97.3,36.1,96.9,13.4,56.0,10.0,6.0,11.0,16.7,26.9
68,Gad Tiende,Diourbel,Senegal,14.9333,-16.4833,2025-06-29,27.3,81.1,1,Sunny,//cdn.weatherapi.com/weather/64x64/day/113.png,8.9,14.4,315,NW,1015.0,29.97,0.0,0.0,89,25,28.8,83.8,29.5,85.0,32.2,89.9,21.0,69.8,10.0,6.0,4.0,10.3,16.6
69,Robertson,Western Cape,South Africa,-33.8,19.883,2025-06-29,15.5,59.9,1,Sunny,//cdn.weatherapi.com/weather/64x64/day/113.png,4.0,6.5,90,E,1026.0,30.3,0.0,0.0,67,6,15.5,59.9,15.5,59.9,15.5,59.9,9.5,49.1,10.0,6.0,2.4,4.6,7.5
70,Mayel Lamoungel,Nord,Cameroon,9.0833,14.05,2025-06-29,26.9,80.4,1,Sunny,//cdn.weatherapi.com/weather/64x64/day/113.png,5.6,9.0,245,WSW,1013.0,29.9,0.0,0.0,71,21,29.2,84.5,26.9,80.4,29.2,84.5,21.3,70.3,10.0,6.0,2.5,7.0,11.3
71,Yaito,Equateur,Democratic Republic of Congo,-0.1167,22.2667,2025-06-29,33.4,92.2,1,Sunny,//cdn.weatherapi.com/weather/64x64/day/113.png,2.9,4.7,254,WSW,1011.0,29.86,0.0,0.0,45,11,36.3,97.3,33.4,92.2,36.3,97.3,19.8,67.6,10.0,6.0,6.0,3.4,5.4
72,Macute,Cabo Delgado,Mozambique,-12.1078,40.0986,2025-06-29,28.4,83.1,1,Patchy rain nearby,//cdn.weatherapi.com/weather/64x64/day/176.png,9.8,15.8,132,SE,1018.0,30.07,0.02,0.0,48,76,29.0,84.2,28.4,83.1,29.0,84.2,16.2,61.1,10.0,6.0,7.7,11.3,18.2
73,Agogo,Ashanti,Ghana,6.8,-1.083,2025-06-29,25.1,77.2,1,Patchy rain nearby,//cdn.weatherapi.com/weather/64x64/day/176.png,6.5,10.4,216,SW,1015.0,29.98,0.02,0.0,76,79,27.1,80.7,25.1,77.2,27.1,80.7,20.7,69.2,10.0,6.0,6.6,9.7,15.6
74,Quthing,Quthing,Lesotho,-30.4,27.717,2025-06-29,10.3,50.5,1,Sunny,//cdn.weatherapi.com/weather/64x64/day/113.png,2.2,3.6,310,NW,1028.0,30.35,0.0,0.0,35,0,10.7,51.3,10.7,51.3,10.3,50.5,-4.3,24.2,10.0,6.0,3.6,2.3,3.7
75,Tsabong,Kgalagadi,Botswana,-26.05,22.45,2025-06-29,17.0,62.6,1,Sunny,//cdn.weatherapi.com/weather/64x64/day/113.png,8.7,14.0,57,ENE,1026.0,30.3,0.0,0.0,17,0,17.0,62.6,17.0,62.6,17.0,62.6,-7.9,17.8,10.0,6.0,4.5,10.0,16.2
76,Catio,Tombali,Guinea-Bissau,11.283,-15.25,2025-06-29,27.0,80.6,1,Partly Cloudy,//cdn.weatherapi.com/weather/64x64/day/116.png,2.5,4.0,145,SE,1016.0,29.99,0.0,0.0,80,45,30.3,86.5,27.0,80.6,30.3,86.5,23.3,73.9,10.0,6.0,3.4,3.3,5.3
77,Mutamulawa,Eastern,Zambia,-15.5,23.5667,2025-06-29,25.5,77.9,1,Sunny,//cdn.weatherapi.com/weather/64x64/day/113.png,7.8,12.6,93,E,1019.0,30.08,0.0,0.0,27,3,24.8,76.6,25.5,78.0,24.8,76.6,5.0,41.0,10.0,6.0,7.3,9.0,14.5
78,Omboue,Ogooue-Maritime,Gabon,-1.567,9.25,2025-06-29,27.7,81.8,1,Patchy rain nearby,//cdn.weatherapi.com/weather/64x64/day/176.png,3.8,6.1,201,SSW,1016.0,29.99,0.01,0.0,61,99,29.4,84.9,27.7,81.8,29.4,84.9,19.6,67.2,10.0,6.0,4.5,4.4,7.1
79,Kokouni,Koulikoro,Mali,13.35,-5.6,2025-06-29,35.3,95.6,1,Sunny,//cdn.weatherapi.com/weather/64x64/day/113.png,10.5,16.9,269,W,1011.0,29.86,0.0,0.0,35,5,37.0,98.7,35.3,95.6,37.0,98.7,17.4,63.2,10.0,6.0,6.2,12.1,19.5
80,Busia,Western,Kenya,0.394,34.305,2025-06-29,24.8,76.7,1,Patchy rain nearby,//cdn.weatherapi.com/weather/64x64/day/176.png,3.6,5.8,268,W,1013.0,29.91,1.0,0.04,63,89,26.2,79.1,24.8,76.7,26.2,79.1,17.3,63.1,9.0,5.0,11.0,6.0,9.6
81,Ambo,Annobon,Equatorial Guinea,-1.4014,5.6325,2025-06-29,23.5,74.3,1,Partly Cloudy,//cdn.weatherapi.com/weather/64x64/day/116.png,6.0,9.7,229,SW,1016.0,29.99,0.0,0.0,79,61,25.4,77.8,23.5,74.3,25.4,77.8,19.7,67.4,10.0,6.0,8.7,8.1,13.1
82,Gorou,Niamey,Niger,14.05,1.7833,2025-06-29,33.9,93.1,1,Sunny,//cdn.weatherapi.com/weather/64x64/day/113.png,19.9,32.0,232,SW,1010.0,29.83,0.0,0.0,41,10,36.3,97.3,33.9,93.1,36.3,97.3,18.8,65.8,10.0,6.0,7.6,22.9,36.9
83,Sukuta,Western,Gambia,13.411,-16.709,2025-06-29,28.0,82.4,1,Partly cloudy,//cdn.weatherapi.com/weather/64x64/day/116.png,11.9,19.1,318,NW,1015.0,29.97,0.0,0.0,79,50,32.5,90.5,27.1,80.8,30.6,87.2,23.6,74.5,10.0,6.0,3.3,16.1,25.9
84,`Arta,Arta,Djibouti,11.5222,42.8419,2025-06-29,37.1,98.7,1,Partly Cloudy,//cdn.weatherapi.com/weather/64x64/day/116.png,6.9,11.2,13,NNE,1001.0,29.56,0.0,0.0,36,29,40.7,105.3,37.1,98.7,40.7,105.3,19.6,67.2,10.0,6.0,9.7,12.5,20.1
85,Manniedo,Savanes,Togo,9.55,0.65,2025-06-29,25.3,77.5,1,Partly cloudy,//cdn.weatherapi.com/weather/64x64/day/116.png,9.2,14.8,211,SSW,1017.0,30.03,0.0,0.0,79,75,26.4,79.5,30.5,87.0,33.8,92.8,21.4,70.4,10.0,6.0,6.6,10.6,17.0
86,Gitarama,Gitarama,Rwanda,-2.074,29.757,2025-06-29,22.2,72.0,1,Partly cloudy,//cdn.weatherapi.com/weather/64x64/day/116.png,6.5,10.4,130,SE,1023.0,30.21,0.0,0.0,57,50,24.6,76.2,21.9,71.5,24.5,76.1,12.4,54.3,10.0,6.0,11.0,7.5,12.0
87,Serabu,Southern,Sierra Leone,7.796,-12.054,2025-06-29,25.4,77.6,1,Patchy rain nearby,//cdn.weatherapi.com/weather/64x64/day/176.png,2.2,3.6,182,S,1016.0,30.01,0.07,0.0,89,55,28.3,82.9,25.4,77.6,28.3,82.9,23.5,74.2,10.0,6.0,1.9,2.6,4.2
88,Manzini,Manzini,Swaziland,-26.483,31.367,2025-06-29,21.1,69.9,1,Sunny,//cdn.weatherapi.com/weather/64x64/day/113.png,5.1,8.3,157,SSE,1026.0,30.29,0.0,0.0,18,0,21.1,69.9,21.1,69.9,21.7,71.0,-3.8,25.2,10.0,6.0,4.4,5.9,9.5
89,Chinhoyi,Mashonaland East,Zimbabwe,-17.367,30.2,2025-06-29,24.8,76.7,1,Partly Cloudy,//cdn.weatherapi.com/weather/64x64/day/116.png,5.4,8.6,87,E,1020.0,30.13,0.0,0.0,30,34,24.6,76.3,24.8,76.7,24.6,76.3,6.3,43.4,10.0,6.0,7.1,6.2,9.9
90,Nova Cuba,Principe,Sao Tome and Principe,1.6333,7.4167,2025-06-29,23.9,75.1,1,Patchy rain nearby,//cdn.weatherapi.com/weather/64x64/day/176.png,10.3,16.6,212,SSW,1016.0,29.99,0.01,0.0,82,78,25.9,78.7,23.9,75.1,25.9,78.7,20.6,69.2,10.0,6.0,5.3,15.5,24.9
91,Al Hoceima,,Morocco,35.2492,-3.9328,2025-06-29,26.1,79.0,1,Partly cloudy,//cdn.weatherapi.com/weather/64x64/day/116.png,7.6,12.2,59,ENE,1019.0,30.09,0.0,0.0,79,50,26.5,79.7,30.1,86.1,31.0,87.9,17.3,63.1,8.0,4.0,7.9,8.7,14.1
92,Kaberamaido,Kaberamaido,Uganda,1.739,33.159,2025-06-29,26.3,79.3,1,Partly cloudy,//cdn.weatherapi.com/weather/64x64/day/116.png,6.0,9.7,215,SW,1019.0,30.09,0.0,0.0,61,75,26.6,79.8,28.5,83.2,28.7,83.7,15.0,59.1,10.0,6.0,8.9,7.0,11.2
93,Bab Ezzouar,Alger,Algeria,36.717,3.183,2025-06-29,31.0,87.8,1,Sunny,//cdn.weatherapi.com/weather/64x64/day/113.png,8.3,13.3,34,NE,1021.0,30.15,0.0,0.0,46,0,32.6,90.6,28.3,83.0,28.8,83.9,15.9,60.6,10.0,6.0,8.9,9.9,15.9
94,Ouargaye,Koulpelogo,Burkina Faso,11.503,0.057,2025-06-29,32.0,89.7,1,Partly Cloudy,//cdn.weatherapi.com/weather/64x64/day/116.png,13.0,20.9,227,SW,1013.0,29.9,0.0,0.0,49,26,34.8,94.7,32.0,89.7,34.8,94.7,20.1,68.3,10.0,6.0,6.5,14.9,24.0
95,Ikot Eyd,Cross River,Nigeria,4.7667,7.95,2025-06-29,25.1,77.2,1,Moderate or heavy rain with thunder,//cdn.weatherapi.com/weather/64x64/day/389.png,4.3,6.8,229,SW,1015.0,29.97,1.17,0.05,100,75,27.4,81.2,27.2,80.9,30.9,87.7,23.9,75.0,3.5,2.0,6.8,7.0,11.2
96,Kouroussa,Kouroussa,Guinea,10.65,-9.883,2025-06-29,27.5,81.5,1,Sunny,//cdn.weatherapi.com/weather/64x64/day/113.png,5.4,8.6,228,SW,1015.0,29.98,0.0,0.0,69,18,30.0,86.0,27.5,81.5,30.0,86.0,21.4,70.5,10.0,6.0,5.1,6.2,9.9
97,El-`Arish,Shamal Sina',Egypt,31.1244,33.8006,2025-06-29,33.1,91.6,1,Sunny,//cdn.weatherapi.com/weather/64x64/day/113.png,12.5,20.2,335,NNW,1002.0,29.59,0.0,0.0,53,0,33.6,92.5,32.7,90.9,33.1,91.5,15.4,59.7,10.0,6.0,11.5,14.4,23.2
98,Mponela,Ntchisi,Malawi,-13.517,33.717,2025-06-29,21.2,70.2,1,Partly cloudy,//cdn.weatherapi.com/weather/64x64/day/116.png,10.7,17.3,96,E,1026.0,30.3,0.0,0.0,46,75,21.2,70.2,23.0,73.4,24.2,75.6,8.0,46.4,10.0,6.0,8.5,12.3,19.9
99,Wegero,Mara,Tanzania,-1.6,34.2,2025-06-29,24.4,75.9,1,Partly cloudy,//cdn.weatherapi.com/weather/64x64/day/116.png,5.6,9.0,146,SSE,1021.0,30.15,0.12,0.0,65,75,25.9,78.7,23.0,73.4,25.0,76.9,16.6,61.8,10.0,6.0,10.3,6.4,10.4
100,Bin Jawwad,Banghazi,Libya,30.7833,18.0667,2025-06-29,27.9,82.2,1,Sunny,//cdn.weatherapi.com/weather/64x64/day/113.png,11.2,18.0,331,NNW,1014.0,29.95,0.0,0.0,66,5,30.3,86.5,27.9,82.2,30.3,86.5,21.0,69.9,10.0,6.0,10.2,13.5,21.8
101,El Ghazal,Sidi Bou Zid,Tunisia,34.5667,9.5833,2025-06-29,33.2,91.8,1,Sunny,//cdn.weatherapi.com/weather/64x64/day/113.png,13.2,21.2,28,NNE,1017.0,30.04,0.0,0.0,26,4,32.1,89.8,33.2,91.8,32.1,89.8,11.3,52.4,10.0,6.0,9.6,15.2,24.4
102,Toumodi,Lacs,Cote d'Ivoire,6.55,-5.017,2025-06-29,26.0,78.8,1,Patchy rain nearby,//cdn.weatherapi.com/weather/64x64/day/176.png,5.4,8.6,239,WSW,1016.0,30.01,0.02,0.0,78,98,28.5,83.2,26.0,78.8,28.5,83.2,22.0,71.6,10.0,6.0,5.7,6.2,9.9
103,Jongo,Benguela,Angola,-12.7536,13.9725,2025-06-29,31.4,88.6,1,Sunny,//cdn.weatherapi.com/weather/64x64/day/113.png,2.2,3.6,124,SE,1015.0,29.97,0.0,0.0,15,0,29.2,84.6,31.4,88.6,29.2,84.6,1.3,34.3,10.0,6.0,7.0,6.7,10.8
104,Beia-Bakounde,Nana-Mambere,Central African Republic,5.75,15.5833,2025-06-29,24.6,76.4,1,Patchy rain nearby,//cdn.weatherapi.com/weather/64x64/day/176.png,8.5,13.7,238,WSW,1014.0,29.94,0.02,0.0,67,75,26.1,79.1,24.6,76.4,26.1,79.1,18.1,64.6,10.0,6.0,9.8,10.5,17.0
105,Shilabe,,Ethiopia,6.0833,44.7667,2025-06-29,32.4,90.4,1,Sunny,//cdn.weatherapi.com/weather/64x64/day/113.png,26.2,42.1,229,SW,1010.0,29.83,0.0,0.0,34,21,32.5,90.4,32.4,90.4,32.5,90.4,14.6,58.3,10.0,6.0,10.2,30.1,48.5
106,Djinere,Chari-Baguirmi,Chad,12.0167,16.0667,2025-06-29,35.6,96.1,1,Sunny,//cdn.weatherapi.com/weather/64x64/day/113.png,17.2,27.7,228,SW,1009.0,29.8,0.0,0.0,35,10,37.8,100.0,35.6,96.1,37.8,100.0,18.0,64.3,10.0,6.0,9.5,19.8,31.9
107,Rutana,Rutana,Burundi,-3.919,29.994,2025-06-29,21.7,71.1,1,Sunny,//cdn.weatherapi.com/weather/64x64/day/113.png,6.3,10.1,126,SE,1017.0,30.02,0.0,0.0,51,16,21.7,71.1,21.7,71.1,24.4,75.9,11.1,52.0,10.0,6.0,10.9,7.2,11.6
108,Katima Mulilo,Caprivi,Namibia,-17.5,24.267,2025-06-29,23.2,73.8,1,Sunny,//cdn.weatherapi.com/weather/64x64/day/113.png,5.8,9.4,98,E,1024.0,30.24,0.0,0.0,27,0,23.1,73.6,23.2,73.7,23.1,73.6,1.2,34.1,10.0,6.0,7.0,6.7,10.8
109,Biaso,Grand Bassa,Liberia,5.8167,-9.7,2025-06-29,24.8,76.6,1,Patchy rain nearby,//cdn.weatherapi.com/weather/64x64/day/176.png,4.9,7.9,198,SSW,1017.0,30.03,0.06,0.0,84,100,27.0,80.6,24.8,76.6,27.0,80.6,21.8,71.3,10.0,6.0,2.4,6.8,10.9
110,Nimjad,Trarza,Mauritania,17.4167,-15.6833,2025-06-29,23.0,73.4,1,Partly Cloudy,//cdn.weatherapi.com/weather/64x64/day/116.png,15.0,24.1,306,NW,1015.0,29.96,0.0,0.0,82,53,25.1,77.1,23.0,73.3,25.1,77.1,19.7,67.4,10.0,6.0,3.5,19.3,31.1
111,Sabinesson,Collines,Benin,11.0333,2.2833,2025-06-29,32.3,90.1,1,Sunny,//cdn.weatherapi.com/weather/64x64/day/113.png,8.7,14.0,224,SW,1012.0,29.89,0.0,0.0,47,6,34.9,94.7,32.3,90.1,34.9,94.7,19.7,67.4,10.0,6.0,7.6,10.0,16.2
112,Ewo,Cuvette-Ouest,Congo,-0.873,14.821,2025-06-29,29.2,84.6,1,Partly Cloudy,//cdn.weatherapi.com/weather/64x64/day/116.png,7.2,11.5,237,WSW,1013.0,29.93,0.0,0.0,53,29,30.7,87.3,29.2,84.6,30.7,87.3,18.7,65.7,10.0,6.0,6.9,8.2,13.2
113,Bentiu,Al Wahadah State,Sudan,9.233,29.833,2025-06-29,31.6,88.8,1,Sunny,//cdn.weatherapi.com/weather/64x64/day/113.png,6.5,10.4,207,SSW,1010.0,29.84,0.0,0.0,49,15,33.9,93.0,31.6,88.8,33.9,93.0,19.6,67.2,10.0,6.0,8.0,7.5,12.0
114,Naneko,Lower River,Gambia,13.4,-15.367,2025-06-29,31.1,88.0,1,Partly Cloudy,//cdn.weatherapi.com/weather/64x64/day/116.png,6.7,10.8,290,WNW,1015.0,29.96,0.0,0.0,55,33,34.3,93.7,31.1,88.0,34.3,93.7,21.1,69.9,10.0,6.0,4.4,7.7,12.4
115,Grootpan,Mpumalanga,South Africa,-25.9167,29.9167,2025-06-29,16.4,61.5,1,Sunny,//cdn.weatherapi.com/weather/64x64/day/113.png,3.4,5.4,196,SSW,1026.0,30.28,0.0,0.0,15,0,16.4,61.5,16.4,61.5,16.4,61.5,-10.2,13.7,10.0,6.0,4.8,3.9,6.2
116,Bafoussam,Ouest,Cameroon,5.467,10.417,2025-06-29,24.0,75.1,1,Patchy rain nearby,//cdn.weatherapi.com/weather/64x64/day/176.png,2.2,3.6,215,SW,1015.0,29.98,1.41,0.06,78,83,25.9,78.5,24.0,75.1,25.9,78.5,19.9,67.8,9.0,5.0,9.5,2.9,4.6
117,Katanga,Equateur,Democratic Republic of Congo,-5.85,22.8333,2025-06-29,34.0,93.2,1,Sunny,//cdn.weatherapi.com/weather/64x64/day/113.png,7.8,12.6,124,SE,1012.0,29.87,0.0,0.0,17,6,32.0,89.5,34.0,93.2,32.0,89.5,5.4,41.8,10.0,6.0,7.0,9.0,14.5
118,Beira,Sofala,Mozambique,-19.844,34.839,2025-06-29,25.1,77.2,1,Partly cloudy,//cdn.weatherapi.com/weather/64x64/day/116.png,7.6,12.2,166,SSE,1023.0,30.21,0.02,0.0,89,75,26.5,79.8,24.6,76.3,26.1,78.9,17.8,64.1,10.0,6.0,6.1,9.3,15.0
119,Accra,Greater Accra,Ghana,5.55,-0.217,2025-06-29,27.2,81.0,1,Partly cloudy,//cdn.weatherapi.com/weather/64x64/day/116.png,10.5,16.9,226,SW,1015.0,29.97,0.09,0.0,84,75,30.3,86.6,26.5,79.6,29.0,84.2,22.2,71.9,10.0,6.0,6.8,13.5,21.8
120,Mokemas Store,Maseru,Lesotho,-29.4667,27.65,2025-06-29,11.4,52.5,1,Sunny,//cdn.weatherapi.com/weather/64x64/day/113.png,4.7,7.6,216,SW,1032.0,30.47,0.0,0.0,47,0,10.7,51.3,11.1,52.0,11.7,53.1,-5.0,22.9,10.0,6.0,3.9,5.4,8.7
121,Pepascheem,Central,Botswana,-22.3167,25.9,2025-06-29,18.3,65.0,1,Sunny,//cdn.weatherapi.com/weather/64x64/day/113.png,9.8,15.8,100,E,1025.0,30.27,0.0,0.0,47,18,18.3,65.0,18.3,65.0,18.3,65.0,6.8,44.3,10.0,6.0,5.8,11.3,18.2
122,Buba,Quinara,Guinea-Bissau,11.583,-15.0,2025-06-29,28.4,83.2,1,Patchy rain nearby,//cdn.weatherapi.com/weather/64x64/day/176.png,2.2,3.6,232,SW,1015.0,29.98,0.01,0.0,77,87,32.7,90.9,28.4,83.2,32.7,90.9,23.9,75.0,10.0,6.0,3.2,6.7,10.8
123,Mirangu,Luapula,Zambia,-16.7,27.3667,2025-06-29,22.1,71.7,1,Sunny,//cdn.weatherapi.com/weather/64x64/day/113.png,10.3,16.6,81,E,1021.0,30.15,0.0,0.0,35,5,23.7,74.7,22.1,71.7,23.7,74.7,6.0,42.8,10.0,6.0,7.4,11.8,19.0
124,Oyem,Woleu-Ntem,Gabon,1.617,11.583,2025-06-29,26.9,80.4,1,Light rain shower,//cdn.weatherapi.com/weather/64x64/day/353.png,2.5,4.0,250,WSW,1015.0,29.98,0.38,0.02,68,83,28.9,84.0,26.9,80.4,28.9,84.0,20.5,69.0,10.0,6.0,7.6,3.0,4.8
125,Bamako,Bamako,Mali,12.65,-8.0,2025-06-29,30.1,86.2,1,Sunny,//cdn.weatherapi.com/weather/64x64/day/113.png,6.7,10.8,246,WSW,1015.0,29.97,0.0,0.0,62,25,30.6,87.0,32.7,90.8,34.5,94.1,18.3,65.0,10.0,6.0,5.8,7.7,12.4
126,Maua,Eastern,Kenya,0.233,37.933,2025-06-29,20.3,68.5,1,Partly cloudy,//cdn.weatherapi.com/weather/64x64/day/116.png,9.4,15.1,134,SE,1015.0,29.98,0.07,0.0,64,50,20.3,68.5,22.4,72.3,24.6,76.4,13.3,55.9,10.0,6.0,7.9,10.9,17.6
127,Avanguenan,Centro Sur,Equatorial Guinea,1.45,10.75,2025-06-29,26.6,79.9,1,Patchy rain nearby,//cdn.weatherapi.com/weather/64x64/day/176.png,2.5,4.0,276,W,1015.0,29.99,0.02,0.0,66,66,28.3,82.9,26.6,79.9,28.3,82.9,19.7,67.5,10.0,6.0,8.1,2.8,4.6
128,Tibiri,Maradi,Niger,13.571,7.044,2025-06-29,34.5,94.1,1,Sunny,//cdn.weatherapi.com/weather/64x64/day/113.png,17.4,28.1,255,WSW,1011.0,29.84,0.0,0.0,37,5,36.2,97.2,34.5,94.0,36.2,97.2,17.7,63.8,10.0,6.0,8.6,20.1,32.3
129,Memmeh,North Bank,Gambia,13.52,-16.231,2025-06-29,28.5,83.3,1,Partly Cloudy,//cdn.weatherapi.com/weather/64x64/day/116.png,7.8,12.6,298,WNW,1015.0,29.97,0.0,0.0,67,31,31.4,88.5,28.5,83.3,31.4,88.5,21.7,71.1,10.0,6.0,4.1,9.6,15.4
130,Hayyou,Obock,Djibouti,11.9631,43.2906,2025-06-29,36.5,97.7,1,Partly Cloudy,//cdn.weatherapi.com/weather/64x64/day/116.png,6.9,11.2,19,NNE,1001.0,29.56,0.0,0.0,39,29,40.5,105.0,36.5,97.7,40.5,105.0,20.3,68.5,10.0,6.0,9.7,13.6,22.0
131,Klabe Apegame,Savanes,Togo,7.65,0.8833,2025-06-29,24.2,75.5,1,Patchy rain nearby,//cdn.weatherapi.com/weather/64x64/day/176.png,5.1,8.3,245,WSW,1015.0,29.99,0.1,0.0,81,82,26.2,79.1,24.2,75.5,26.2,79.1,20.8,69.4,10.0,6.0,5.9,7.4,11.9
132,Gitarama,Gitarama,Rwanda,-2.074,29.757,2025-06-29,22.2,72.0,1,Partly cloudy,//cdn.weatherapi.com/weather/64x64/day/116.png,6.5,10.4,130,SE,1023.0,30.21,0.0,0.0,57,50,24.6,76.2,21.9,71.5,24.5,76.1,12.4,54.3,10.0,6.0,11.0,7.5,12.0
133,Maiyemberi,Northern,Sierra Leone,8.8667,-12.2333,2025-06-29,25.2,77.4,1,Patchy rain nearby,//cdn.weatherapi.com/weather/64x64/day/176.png,2.2,3.6,190,S,1016.0,30.01,0.06,0.0,90,59,28.1,82.7,25.3,77.5,28.1,82.7,23.5,74.2,10.0,6.0,2.7,3.0,4.8
134,Hluti,Shiselweni,Swaziland,-27.217,31.617,2025-06-29,22.3,72.2,1,Sunny,//cdn.weatherapi.com/weather/64x64/day/113.png,6.0,9.7,155,SSE,1026.0,30.29,0.0,0.0,21,0,22.3,72.2,22.3,72.2,22.3,72.2,-1.2,29.8,10.0,6.0,4.1,7.0,11.2
135,Shurugwi,Matabeleland South,Zimbabwe,-19.667,30.0,2025-06-29,20.3,68.5,1,Sunny,//cdn.weatherapi.com/weather/64x64/day/113.png,7.2,11.5,124,SE,1023.0,30.2,0.0,0.0,43,8,20.3,68.5,20.3,68.5,20.3,68.5,7.4,45.3,10.0,6.0,6.7,8.2,13.2
136,Sao Tome,Sao Tome,Sao Tome and Principe,0.333,6.733,2025-06-29,28.2,82.8,1,Partly cloudy,//cdn.weatherapi.com/weather/64x64/day/116.png,4.5,7.2,222,SW,1014.0,29.94,0.0,0.0,66,50,32.6,90.6,23.4,74.2,25.4,77.7,19.5,67.1,10.0,6.0,7.3,6.1,9.9
137,Bwamulamira,Kibale,Uganda,0.8,31.0667,2025-06-29,27.3,81.2,1,Patchy rain nearby,//cdn.weatherapi.com/weather/64x64/day/176.png,2.7,4.3,213,SSW,1013.0,29.91,0.01,0.0,45,85,27.6,81.6,27.3,81.2,27.6,81.6,14.3,57.8,10.0,6.0,10.2,4.2,6.7
138,El Oued,El Oued,Algeria,33.333,6.883,2025-06-29,34.8,94.6,1,Sunny,//cdn.weatherapi.com/weather/64x64/day/113.png,10.1,16.2,82,E,1017.0,30.04,0.0,0.0,23,1,33.4,92.2,34.8,94.6,33.4,92.2,10.5,51.0,10.0,6.0,9.3,11.6,18.6
139,Dori,Seno,Burkina Faso,14.033,-0.033,2025-06-29,34.5,94.1,1,Partly Cloudy,//cdn.weatherapi.com/weather/64x64/day/116.png,18.8,30.2,219,SW,1010.0,29.84,0.0,0.0,41,29,37.3,99.1,34.5,94.1,37.3,99.1,19.3,66.7,10.0,6.0,6.5,21.6,34.8
140,Maiyema,Kebbi,Nigeria,12.082,4.374,2025-06-29,32.6,90.8,1,Sunny,//cdn.weatherapi.com/weather/64x64/day/113.png,14.1,22.7,239,WSW,1011.0,29.86,0.0,0.0,46,16,35.1,95.2,32.6,90.8,35.1,95.2,19.4,66.9,10.0,6.0,5.8,16.2,26.1
141,Yomou,Yomou,Guinea,7.56,-9.265,2025-06-29,23.4,74.1,1,Mist,//cdn.weatherapi.com/weather/64x64/day/143.png,3.1,5.0,263,W,1017.0,30.04,0.03,0.0,94,100,25.7,78.2,22.8,73.0,25.1,77.1,21.2,70.2,8.0,4.0,2.2,4.4,7.1
142,Ismailia,Al Isma'iliyah,Egypt,30.583,32.267,2025-06-29,39.4,102.9,1,Sunny,//cdn.weatherapi.com/weather/64x64/day/113.png,9.6,15.5,274,W,1000.0,29.54,0.0,0.0,15,0,39.0,102.2,39.4,102.9,39.0,102.2,7.5,45.6,10.0,6.0,11.3,11.1,17.8
143,Ntcheu,Ntcheu,Malawi,-14.817,34.633,2025-06-29,22.0,71.5,1,Sunny,//cdn.weatherapi.com/weather/64x64/day/113.png,8.1,13.0,100,E,1021.0,30.16,0.0,0.0,39,6,22.0,71.5,22.0,71.5,24.0,75.1,7.4,45.3,10.0,6.0,8.2,9.3,14.9
144,Igigwa,Tabora,Tanzania,-5.3833,32.8333,2025-06-29,25.0,77.0,1,Sunny,//cdn.weatherapi.com/weather/64x64/day/113.png,7.6,12.2,142,SE,1022.0,30.18,0.0,0.0,44,25,24.4,75.9,28.8,83.9,27.3,81.2,7.6,45.6,10.0,6.0,10.3,8.7,14.1
145,Al `Ujaylat,An Nuqat al Khams,Libya,32.7569,12.3761,2025-06-29,27.6,81.7,1,Patchy rain nearby,//cdn.weatherapi.com/weather/64x64/day/176.png,11.0,17.6,338,NNW,1016.0,30.01,0.01,0.0,70,72,30.2,86.3,27.6,81.7,30.2,86.3,21.6,70.9,10.0,6.0,5.4,12.6,20.3
146,El Achem,Al Munastir,Tunisia,35.4833,10.6833,2025-06-29,29.0,84.2,1,Sunny,//cdn.weatherapi.com/weather/64x64/day/113.png,17.7,28.4,7,N,1017.0,30.03,0.0,0.0,66,0,30.3,86.5,30.1,86.2,32.0,89.5,19.2,66.5,10.0,6.0,9.8,20.8,33.5
147,Abidjan,Lagunes,Cote d'Ivoire,5.341,-4.028,2025-06-29,27.3,81.1,1,Partly cloudy,//cdn.weatherapi.com/weather/64x64/day/116.png,10.5,16.9,239,WSW,1016.0,30.0,0.84,0.03,84,50,31.0,87.8,26.0,78.7,28.5,83.4,22.4,72.4,10.0,6.0,5.7,14.4,23.2
148,Lumeta,Cuando Cubango,Angola,-14.75,17.9,2025-06-29,23.9,75.0,1,Sunny,//cdn.weatherapi.com/weather/64x64/day/113.png,6.5,10.4,80,E,1019.0,30.09,0.0,0.0,16,0,23.1,73.5,23.9,75.0,23.1,73.5,-3.5,25.8,10.0,6.0,7.7,7.5,12.0
149,Boali,Ombella-Mpoko,Central African Republic,4.8,18.117,2025-06-29,23.9,75.1,1,Light rain shower,//cdn.weatherapi.com/weather/64x64/day/353.png,2.2,3.6,250,WSW,1014.0,29.93,0.19,0.01,86,71,26.1,78.9,23.9,75.1,26.1,78.9,21.5,70.7,10.0,6.0,8.7,2.9,4.6
150,Docol,Mudug,Somalia,6.4333,47.4833,2025-06-29,31.9,89.3,1,Partly Cloudy,//cdn.weatherapi.com/weather/64x64/day/116.png,26.2,42.1,231,SW,1009.0,29.79,0.0,0.0,37,30,32.2,89.9,31.9,89.3,32.2,89.9,15.4,59.7,10.0,6.0,6.7,30.1,48.5
151,Sarh,Moyen-Chari,Chad,9.15,18.383,2025-06-29,26.4,79.5,1,Partly Cloudy,//cdn.weatherapi.com/weather/64x64/day/116.png,6.9,11.2,201,SSW,1013.0,29.91,0.0,0.0,84,25,27.0,80.6,31.6,88.9,34.1,93.3,19.8,67.7,10.0,6.0,4.9,8.0,12.9
152,Ngozi,Ngozi,Burundi,-2.908,29.828,2025-06-29,22.6,72.7,1,Partly Cloudy,//cdn.weatherapi.com/weather/64x64/day/116.png,6.3,10.1,152,SSE,1016.0,29.99,0.0,0.0,51,43,24.6,76.3,22.6,72.8,24.6,76.3,12.1,53.9,10.0,6.0,10.4,7.2,11.6
153,Namutoni Gate,Oshikoto,Namibia,-18.8,17.0333,2025-06-29,21.3,70.3,1,Sunny,//cdn.weatherapi.com/weather/64x64/day/113.png,15.0,24.1,60,ENE,1020.0,30.12,0.0,0.0,12,0,21.3,70.3,21.3,70.3,21.7,71.1,-9.3,15.3,10.0,6.0,6.4,17.2,27.8
154,Voinjama,Lofa,Liberia,8.422,-9.748,2025-06-29,22.8,73.1,1,Patchy rain nearby,//cdn.weatherapi.com/weather/64x64/day/176.png,2.2,3.6,243,WSW,1017.0,30.04,0.04,0.0,88,64,25.1,77.1,22.8,73.1,25.1,77.1,20.7,69.2,10.0,6.0,2.7,2.8,4.5
155,Kaedi,Gorgol,Mauritania,16.15,-13.5,2025-06-29,31.7,89.0,1,Partly Cloudy,//cdn.weatherapi.com/weather/64x64/day/116.png,14.5,23.4,296,WNW,1013.0,29.93,0.0,0.0,45,45,33.3,92.0,31.7,89.0,33.3,92.0,18.3,65.0,10.0,6.0,4.4,16.7,26.9
156,Gorobani,Zou,Benin,10.2167,2.3,2025-06-29,30.7,87.3,1,Sunny,//cdn.weatherapi.com/weather/64x64/day/113.png,8.7,14.0,220,SW,1013.0,29.92,0.0,0.0,55,7,33.4,92.1,30.7,87.3,33.4,92.1,20.5,68.9,10.0,6.0,7.5,10.0,16.2
157,Zegabout,Sangha,Congo,1.5758,15.1239,2025-06-29,30.5,86.9,1,Partly Cloudy,//cdn.weatherapi.com/weather/64x64/day/116.png,4.3,6.8,242,WSW,1013.0,29.92,0.0,0.0,50,55,32.3,90.2,30.5,86.9,32.3,90.2,19.0,66.2,10.0,6.0,9.2,4.9,7.9
158,Er Rissai,Ash Sharqiyah,Sudan,16.6333,36.6,2025-06-29,37.9,100.3,1,Sunny,//cdn.weatherapi.com/weather/64x64/day/113.png,18.8,30.2,231,SW,1007.0,29.73,0.0,0.0,19,7,37.0,98.5,37.9,100.3,37.0,98.5,10.7,51.2,10.0,6.0,11.4,21.6,34.8
159,Dara Idi,Fatick,Senegal,14.5667,-15.6667,2025-06-29,30.7,87.2,1,Sunny,//cdn.weatherapi.com/weather/64x64/day/113.png,9.2,14.8,313,NW,1015.0,29.97,0.0,0.0,54,19,33.4,92.0,30.7,87.2,33.4,92.0,20.4,68.8,10.0,6.0,4.5,10.6,17.0
160,Ventersburg,Free State,South Africa,-28.083,27.133,2025-06-29,14.4,57.9,1,Sunny,//cdn.weatherapi.com/weather/64x64/day/113.png,5.4,8.6,176,S,1027.0,30.33,0.0,0.0,25,0,14.0,57.3,14.0,57.3,14.4,57.8,-5.5,22.2,10.0,6.0,4.2,6.2,9.9
161,Bogo,Extreme-Nord,Cameroon,10.736,14.611,2025-06-29,30.2,86.4,1,Partly Cloudy,//cdn.weatherapi.com/weather/64x64/day/116.png,13.9,22.3,220,SW,1012.0,29.87,0.0,0.0,52,33,32.2,89.9,30.2,86.4,32.2,89.9,19.4,66.9,10.0,6.0,6.2,15.9,25.7
162,Sapo,Maniema,Democratic Republic of Congo,-2.2667,26.7,2025-06-29,35.3,95.5,1,Partly Cloudy,//cdn.weatherapi.com/weather/64x64/day/116.png,2.2,3.6,234,SW,1010.0,29.83,0.0,0.0,36,29,37.4,99.3,35.3,95.5,37.4,99.3,18.1,64.6,10.0,6.0,9.1,6.7,10.8
163,Labua,Zambezia,Mozambique,-17.2164,37.2325,2025-06-29,26.5,79.7,1,Patchy rain nearby,//cdn.weatherapi.com/weather/64x64/day/176.png,6.7,10.8,172,S,1021.0,30.16,0.08,0.0,57,70,27.6,81.6,26.5,79.7,27.6,81.6,17.4,63.3,10.0,6.0,5.5,7.7,12.4
164,Bolgatanga,Upper East,Ghana,10.786,-0.851,2025-06-29,31.5,88.7,1,Sunny,//cdn.weatherapi.com/weather/64x64/day/113.png,13.4,21.6,206,SSW,1013.0,29.9,0.0,0.0,52,4,34.4,93.8,31.5,88.7,34.4,93.8,20.4,68.7,10.0,6.0,7.2,15.4,24.8
165,Seapa,Qachas Nek,Lesotho,-30.05,28.4833,2025-06-29,10.1,50.1,1,Sunny,//cdn.weatherapi.com/weather/64x64/day/113.png,4.0,6.5,244,WSW,1027.0,30.33,0.0,0.0,34,0,9.4,49.0,9.4,49.0,10.1,50.1,-5.2,22.7,10.0,6.0,3.9,4.6,7.5
166,Kanye,Southern,Botswana,-24.983,25.35,2025-06-29,16.1,61.0,1,Sunny,//cdn.weatherapi.com/weather/64x64/day/113.png,8.3,13.3,77,ENE,1026.0,30.3,0.0,0.0,29,1,16.1,61.0,16.1,61.0,16.1,61.0,-1.9,28.5,10.0,6.0,4.9,9.5,15.3
167,Gabu,Gabu,Guinea-Bissau,12.283,-14.217,2025-06-29,26.0,78.8,1,Cloudy,//cdn.weatherapi.com/weather/64x64/day/119.png,4.5,7.2,254,WSW,1015.0,29.97,0.0,0.0,83,80,28.9,84.0,26.0,78.8,28.9,84.0,23.0,73.4,10.0,6.0,4.1,5.9,9.5
168,Mubende,Copperbelt,Zambia,-10.2667,28.7667,2025-06-29,29.1,84.3,1,Sunny,//cdn.weatherapi.com/weather/64x64/day/113.png,9.2,14.8,119,ESE,1015.0,29.96,0.0,0.0,21,6,27.0,80.7,29.1,84.3,27.0,80.7,4.7,40.4,10.0,6.0,9.1,10.6,17.0
169,Libreville,Estuaire,Gabon,0.383,9.45,2025-06-29,25.3,77.5,1,Partly cloudy,//cdn.weatherapi.com/weather/64x64/day/116.png,5.8,9.4,226,SW,1015.0,29.97,0.0,0.0,89,50,27.1,80.8,26.2,79.1,28.3,82.9,21.1,70.0,10.0,6.0,6.7,6.8,10.9
170,Danga,Tombouctou,Mali,16.4667,-3.1333,2025-06-29,36.9,98.4,1,Sunny,//cdn.weatherapi.com/weather/64x64/day/113.png,17.7,28.4,276,W,1009.0,29.8,0.0,0.0,32,4,38.8,101.8,36.9,98.4,38.8,101.8,17.3,63.1,10.0,6.0,5.9,20.3,32.7
171,Kimose,Rift Valley,Kenya,0.2167,35.9,2025-06-29,22.3,72.1,1,Patchy rain nearby,//cdn.weatherapi.com/weather/64x64/day/176.png,4.9,7.9,49,NE,1012.0,29.89,0.16,0.01,57,25,24.4,75.8,26.4,79.4,26.7,80.1,13.7,56.7,10.0,6.0,10.7,6.3,10.2
172,Luba,Bioko Sur,Equatorial Guinea,3.45,8.55,2025-06-29,28.4,83.1,1,Moderate or heavy rain with thunder,//cdn.weatherapi.com/weather/64x64/day/389.png,10.7,17.3,237,WSW,1015.0,29.97,2.46,0.1,84,50,34.3,93.7,25.1,77.3,27.6,81.7,22.6,72.6,10.0,6.0,6.5,16.1,26.0
173,Tchourout,Tahoua,Niger,14.15,5.4333,2025-06-29,33.4,92.1,1,Sunny,//cdn.weatherapi.com/weather/64x64/day/113.png,15.0,24.1,247,WSW,1011.0,29.85,0.0,0.0,41,9,35.3,95.5,33.4,92.1,35.3,95.5,18.2,64.8,10.0,6.0,7.1,17.2,27.8
174,Jenoi,Lower River,Gambia,13.483,-15.567,2025-06-29,31.1,88.0,1,Partly Cloudy,//cdn.weatherapi.com/weather/64x64/day/116.png,6.7,10.8,290,WNW,1015.0,29.96,0.0,0.0,55,33,34.3,93.7,31.1,88.0,34.3,93.7,21.1,69.9,10.0,6.0,4.4,7.7,12.4
175,Tadjoura,Tadjoura,Djibouti,11.7853,42.8844,2025-06-29,36.5,97.7,1,Partly Cloudy,//cdn.weatherapi.com/weather/64x64/day/116.png,6.9,11.2,19,NNE,1001.0,29.56,0.0,0.0,39,29,40.5,105.0,36.5,97.7,40.5,105.0,20.3,68.5,10.0,6.0,9.7,13.6,22.0
176,Atitpaye,Plateaux,Togo,8.1833,1.3167,2025-06-29,29.0,84.2,1,Patchy rain nearby,//cdn.weatherapi.com/weather/64x64/day/176.png,3.6,5.8,203,SSW,1015.0,29.96,0.02,0.0,68,96,32.5,90.4,29.0,84.1,32.5,90.4,22.5,72.5,10.0,6.0,6.4,4.1,6.6
177,Rwamagana,Kibungo,Rwanda,-1.953,30.438,2025-06-29,22.2,72.0,1,Partly cloudy,//cdn.weatherapi.com/weather/64x64/day/116.png,6.5,10.4,187,S,1023.0,30.21,0.0,0.0,57,50,24.4,75.9,24.2,75.6,25.2,77.4,12.4,54.2,10.0,6.0,10.7,7.5,12.0
178,Koidu,Eastern,Sierra Leone,8.417,-10.833,2025-06-29,25.9,78.7,1,Patchy rain nearby,//cdn.weatherapi.com/weather/64x64/day/176.png,2.2,3.6,207,SSW,1017.0,30.02,0.12,0.0,80,81,28.5,83.3,26.0,78.7,28.5,83.3,22.3,72.1,10.0,6.0,4.5,2.6,4.1
179,Siteki,Lubombo,Swaziland,-26.45,31.95,2025-06-29,23.4,74.1,1,Sunny,//cdn.weatherapi.com/weather/64x64/day/113.png,4.3,6.8,187,S,1026.0,30.29,0.0,0.0,18,0,22.8,73.1,23.4,74.1,22.8,73.1,-1.9,28.6,10.0,6.0,4.1,4.9,7.9
180,Chitungwiza,Mashonaland East,Zimbabwe,-17.994,31.048,2025-06-29,22.6,72.6,1,Sunny,//cdn.weatherapi.com/weather/64x64/day/113.png,6.3,10.1,114,ESE,1021.0,30.15,0.0,0.0,33,23,23.7,74.7,22.6,72.6,23.7,74.7,5.4,41.8,10.0,6.0,7.0,7.2,11.6
181,Aloro,Apac,Uganda,2.2333,32.5333,2025-06-29,26.5,79.7,1,Patchy rain nearby,//cdn.weatherapi.com/weather/64x64/day/176.png,2.2,3.6,131,SE,1013.0,29.91,0.53,0.02,62,82,27.9,82.1,26.5,79.7,27.9,82.1,18.5,65.4,9.0,5.0,10.7,6.7,10.8
182,Sidi Belkassem,M'sila,Algeria,35.3667,4.1833,2025-06-29,31.2,88.2,1,Sunny,//cdn.weatherapi.com/weather/64x64/day/113.png,5.8,9.4,15,NNE,1022.0,30.18,0.0,0.0,24,0,29.2,84.6,30.0,86.0,28.0,82.5,6.2,43.1,10.0,6.0,9.6,6.7,10.8
183,Dedougou,Mouhoun,Burkina Faso,12.467,-3.467,2025-06-29,32.7,90.9,1,Sunny,//cdn.weatherapi.com/weather/64x64/day/113.png,12.1,19.4,232,SW,1012.0,29.88,0.0,0.0,44,7,35.0,94.9,32.7,90.9,35.0,94.9,19.0,66.2,10.0,6.0,6.2,13.9,22.4
184,Iga Okpaya,Nassarawa,Nigeria,7.55,7.8667,2025-06-29,28.5,83.3,1,Patchy rain nearby,//cdn.weatherapi.com/weather/64x64/day/176.png,8.1,13.0,222,SW,1014.0,29.94,0.04,0.0,69,100,31.8,89.2,28.5,83.3,31.8,89.2,22.4,72.3,10.0,6.0,7.5,9.3,14.9
185,Telimele,Telimele,Guinea,10.9,-13.033,2025-06-29,25.6,78.1,1,Patchy rain nearby,//cdn.weatherapi.com/weather/64x64/day/176.png,2.2,3.6,214,SW,1016.0,30.01,0.01,0.0,83,92,28.2,82.7,25.6,78.1,28.2,82.7,22.5,72.5,10.0,6.0,4.6,6.7,10.8
186,`Ezbet Sa`Di Mugawir,Al Fayyum,Egypt,29.4667,30.7667,2025-06-29,37.8,100.1,1,Sunny,//cdn.weatherapi.com/weather/64x64/day/113.png,9.8,15.8,278,W,1002.0,29.58,0.0,0.0,16,0,36.8,98.3,37.8,100.1,36.8,98.3,7.8,46.0,10.0,6.0,11.7,11.3,18.2
187,Chitipa,Chitipa,Malawi,-9.717,33.267,2025-06-29,23.2,73.8,1,Sunny,//cdn.weatherapi.com/weather/64x64/day/113.png,11.6,18.7,99,E,1018.0,30.07,0.0,0.0,32,3,24.0,75.1,23.2,73.8,24.0,75.1,5.9,42.5,10.0,6.0,9.6,13.4,21.5
188,Kisarawe,Dar es Salaam,Tanzania,-6.9,39.067,2025-06-29,30.4,86.7,1,Partly cloudy,//cdn.weatherapi.com/weather/64x64/day/116.png,11.0,17.6,163,SSE,1018.0,30.06,0.0,0.0,55,75,32.3,90.1,29.5,85.1,30.9,87.7,18.4,65.0,10.0,6.0,9.2,12.6,20.3
189,Tripoli,Tarabulus,Libya,32.893,13.18,2025-06-29,27.2,80.9,1,Patchy rain nearby,//cdn.weatherapi.com/weather/64x64/day/176.png,10.3,16.6,311,NW,1016.0,30.0,0.01,0.0,74,63,30.0,86.0,27.2,80.9,30.0,86.0,22.2,72.0,10.0,6.0,5.7,11.8,19.0
190,Tawzar,Tozeur,Tunisia,33.921,8.133,2025-06-29,33.2,91.8,1,Sunny,//cdn.weatherapi.com/weather/64x64/day/113.png,4.9,7.9,73,ENE,1017.0,30.03,0.0,0.0,34,0,31.8,89.3,33.5,92.2,32.1,89.8,10.5,50.9,10.0,6.0,9.2,5.9,9.4
191,Toumodi,Lacs,Cote d'Ivoire,6.55,-5.017,2025-06-29,26.0,78.8,1,Patchy rain nearby,//cdn.weatherapi.com/weather/64x64/day/176.png,5.4,8.6,239,WSW,1016.0,30.01,0.02,0.0,78,98,28.5,83.2,26.0,78.8,28.5,83.2,22.0,71.6,10.0,6.0,5.7,6.2,9.9
192,Cumbira,Cuanza Sul,Angola,-11.0,14.6667,2025-06-29,25.3,77.6,1,Sunny,//cdn.weatherapi.com/weather/64x64/day/113.png,5.8,9.4,127,SE,1017.0,30.02,0.0,0.0,17,0,24.0,75.2,25.3,77.6,24.0,75.2,-1.1,29.9,10.0,6.0,7.6,6.7,10.8
193,Mobaye,Basse-Kotto,Central African Republic,4.317,21.183,2025-06-29,23.7,74.7,1,Patchy rain nearby,//cdn.weatherapi.com/weather/64x64/day/176.png,4.9,7.9,241,WSW,1013.0,29.91,0.02,0.0,88,52,25.9,78.6,23.7,74.7,25.9,78.6,21.6,70.9,10.0,6.0,1.5,7.2,11.7
194,Carmaale,Sanaag,Somalia,10.48,47.9597,2025-06-29,28.8,83.8,1,Sunny,//cdn.weatherapi.com/weather/64x64/day/113.png,28.0,45.0,226,SW,1007.0,29.74,0.0,0.0,32,14,27.9,82.2,28.8,83.8,27.9,82.2,10.4,50.7,10.0,6.0,11.1,32.2,51.8
195,Araza,Salamat,Chad,11.1833,20.5667,2025-06-29,31.9,89.4,1,Sunny,//cdn.weatherapi.com/weather/64x64/day/113.png,9.2,14.8,222,SW,1010.0,29.83,0.0,0.0,45,23,33.8,92.8,31.9,89.4,33.8,92.8,18.6,65.5,10.0,6.0,3.6,10.6,17.0
196,Muyinga,Muyinga,Burundi,-2.849,30.336,2025-06-29,23.1,73.5,1,Partly Cloudy,//cdn.weatherapi.com/weather/64x64/day/116.png,7.6,12.2,159,SSE,1015.0,29.97,0.0,0.0,47,26,24.7,76.4,23.1,73.5,24.7,76.4,11.3,52.4,10.0,6.0,10.8,8.7,14.1
197,Gobabis,Omaheke,Namibia,-22.45,18.967,2025-06-29,19.5,67.1,1,Sunny,//cdn.weatherapi.com/weather/64x64/day/113.png,11.9,19.1,52,NE,1022.0,30.17,0.0,0.0,11,0,19.5,67.1,19.5,67.1,19.5,67.1,-11.3,11.7,10.0,6.0,5.7,13.6,22.0
198,Gewi,Nimba,Liberia,7.25,-8.85,2025-06-29,23.4,74.1,1,Mist,//cdn.weatherapi.com/weather/64x64/day/143.png,2.9,4.7,251,WSW,1017.0,30.04,0.15,0.01,94,100,25.9,78.6,22.9,73.1,25.3,77.6,22.2,72.0,8.0,4.0,2.4,3.7,5.9
199,Nouadhibou,Dakhlet Nouadhibou,Mauritania,20.9,-17.067,2025-06-29,21.2,70.2,1,Partly cloudy,//cdn.weatherapi.com/weather/64x64/day/116.png,17.0,27.4,327,NNW,1015.0,29.97,0.0,0.0,88,75,21.2,70.2,18.8,65.8,18.8,65.8,17.8,64.1,6.0,3.0,3.7,33.2,53.4
